entries,implementation,reachable_words,allocated_words,time(ns)
1000,irmin,6425,2428.000000,1406
2000,irmin,9621,2435.000000,684
3000,irmin,14417,2442.000000,764
4000,irmin,21609,2449.000000,869
5000,irmin,32397,2456.000000,1204
6000,irmin,32397,2456.000000,441
7000,irmin,32397,2456.000000,569
8000,irmin,48581,2463.000000,1330
9000,irmin,48581,2463.000000,433
10000,irmin,48581,2463.000000,533
11000,irmin,72857,2470.000000,2013
12000,irmin,72857,2470.000000,387
13000,irmin,72857,2470.000000,471
14000,irmin,72857,2470.000000,470
15000,irmin,72857,2470.000000,688
16000,irmin,72857,2470.000000,452
17000,irmin,109269,264591.000000,1532
18000,irmin,109269,264591.000000,198
19000,irmin,109269,264591.000000,207
20000,irmin,109269,264591.000000,229
21000,irmin,109269,264591.000000,253
22000,irmin,109269,264591.000000,258
23000,irmin,109269,264591.000000,318
24000,irmin,109269,264591.000000,428
25000,irmin,163889,264626.000000,2001
26000,irmin,163889,264626.000000,198
27000,irmin,163889,264626.000000,232
28000,irmin,163889,264626.000000,226
29000,irmin,163889,264626.000000,213
30000,irmin,163889,264626.000000,224
31000,irmin,163889,264626.000000,229
32000,irmin,163889,264626.000000,248
33000,irmin,163889,264626.000000,291
34000,irmin,163889,264626.000000,307
35000,irmin,163889,264626.000000,355
36000,irmin,163889,264626.000000,463
37000,irmin,245817,526748.000000,3420
38000,irmin,245817,526748.000000,213
39000,irmin,245817,526748.000000,222
40000,irmin,245817,526776.000000,222
41000,irmin,245817,526776.000000,226
42000,irmin,245817,526776.000000,231
43000,irmin,245817,526776.000000,235
44000,irmin,245817,526776.000000,236
45000,irmin,245817,526776.000000,246
46000,irmin,245817,526776.000000,253
47000,irmin,245817,526776.000000,265
48000,irmin,245817,526776.000000,271
49000,irmin,245817,526776.000000,288
50000,irmin,245817,526776.000000,317
51000,irmin,245817,526776.000000,342
52000,irmin,245817,526776.000000,373
53000,irmin,245817,526776.000000,427
54000,irmin,245817,526776.000000,511
55000,irmin,245817,526776.000000,597
56000,irmin,368709,786090.000000,4856
57000,irmin,368709,786090.000000,221
58000,irmin,368709,786090.000000,223
59000,irmin,368709,786090.000000,242
60000,irmin,368709,786090.000000,237
61000,irmin,368709,786090.000000,231
62000,irmin,368709,786090.000000,229
63000,irmin,368709,786090.000000,238
64000,irmin,368709,786090.000000,238
65000,irmin,368709,786090.000000,248
66000,irmin,368709,786090.000000,244
67000,irmin,368709,786090.000000,272
68000,irmin,368709,1048224.000000,271
69000,irmin,368709,1048224.000000,271
70000,irmin,368709,1048224.000000,262
71000,irmin,368709,1048224.000000,277
72000,irmin,368709,1048224.000000,296
73000,irmin,368709,1048224.000000,311
74000,irmin,368709,1048224.000000,315
75000,irmin,368709,1048224.000000,333
76000,irmin,368709,1048224.000000,344
77000,irmin,368709,1048224.000000,369
78000,irmin,368709,1048224.000000,419
79000,irmin,368709,1048224.000000,442
80000,irmin,368709,1048224.000000,481
81000,irmin,368709,1048224.000000,550
82000,irmin,368709,1048224.000000,651
83000,irmin,553049,1177340.000000,6813
84000,irmin,553049,1177340.000000,228
85000,irmin,553049,1439480.000000,227
86000,irmin,553049,1439480.000000,225
87000,irmin,553049,1439480.000000,227
88000,irmin,553049,1439480.000000,229
89000,irmin,553049,1439480.000000,232
90000,irmin,553049,1439480.000000,231
91000,irmin,553049,1439480.000000,234
92000,irmin,553049,1439480.000000,235
93000,irmin,553049,1439480.000000,235
94000,irmin,553049,1439480.000000,245
95000,irmin,553049,1439480.000000,241
96000,irmin,553049,1439480.000000,251
97000,irmin,553049,1439480.000000,252
98000,irmin,553049,1439480.000000,268
99000,irmin,553049,1439480.000000,277
100000,irmin,553049,1439480.000000,269
101000,irmin,553049,1439483.000000,259
102000,irmin,553049,1439483.000000,292
103000,irmin,553049,1439483.000000,273
104000,irmin,553049,1439483.000000,270
105000,irmin,553049,1439483.000000,281
106000,irmin,553049,1439483.000000,287
107000,irmin,553049,1439483.000000,298
108000,irmin,553049,1439483.000000,305
109000,irmin,553049,1439483.000000,317
110000,irmin,553049,1439483.000000,318
111000,irmin,553049,1439483.000000,321
112000,irmin,553049,1439483.000000,331
113000,irmin,553049,1439483.000000,372
114000,irmin,553049,1439483.000000,375
115000,irmin,553049,1439483.000000,389
116000,irmin,553049,1439483.000000,413
117000,irmin,553049,1701624.000000,450
118000,irmin,553049,1701624.000000,468
119000,irmin,553049,1701624.000000,471
120000,irmin,553049,1701624.000000,501
121000,irmin,553049,1701624.000000,559
122000,irmin,553049,1701624.000000,593
123000,irmin,553049,1701624.000000,675
124000,irmin,553049,1701624.000000,801
125000,irmin,829557,2026561.000000,10889
126000,irmin,829557,2026561.000000,226
127000,irmin,829557,2026580.000000,226
128000,irmin,829557,2026580.000000,226
129000,irmin,829557,2026580.000000,224
130000,irmin,829557,2026580.000000,229
131000,irmin,829557,2026580.000000,220
132000,irmin,829557,2026580.000000,226
133000,irmin,829557,2026580.000000,229
134000,irmin,829557,2026580.000000,225
135000,irmin,829557,2026580.000000,233
136000,irmin,829557,2026580.000000,223
137000,irmin,829557,2026580.000000,229
138000,irmin,829557,2026580.000000,231
139000,irmin,829557,2026580.000000,237
140000,irmin,829557,2026580.000000,231
141000,irmin,829557,2026580.000000,234
142000,irmin,829557,2026580.000000,232
143000,irmin,829557,2288719.000000,240
144000,irmin,829557,2288719.000000,251
145000,irmin,829557,2288719.000000,259
146000,irmin,829557,2288719.000000,259
147000,irmin,829557,2288719.000000,274
148000,irmin,829557,2288719.000000,254
149000,irmin,829557,2288719.000000,259
150000,irmin,829557,2288719.000000,257
151000,irmin,829557,2288719.000000,261
152000,irmin,829557,2288719.000000,266
153000,irmin,829557,2288719.000000,268
154000,irmin,829557,2288719.000000,276
155000,irmin,829557,2288719.000000,271
156000,irmin,829557,2288719.000000,275
157000,irmin,829557,2288719.000000,269
158000,irmin,829557,2288719.000000,281
159000,irmin,829557,2288719.000000,290
160000,irmin,829557,2288722.000000,301
161000,irmin,829557,2288722.000000,297
162000,irmin,829557,2288722.000000,314
163000,irmin,829557,2288722.000000,307
164000,irmin,829557,2288722.000000,306
165000,irmin,829557,2288722.000000,324
166000,irmin,829557,2288722.000000,314
167000,irmin,829557,2288722.000000,341
168000,irmin,829557,2288722.000000,346
169000,irmin,829557,2288722.000000,360
170000,irmin,829557,2288722.000000,365
171000,irmin,829557,2288722.000000,366
172000,irmin,829557,2288722.000000,395
173000,irmin,829557,2288722.000000,398
174000,irmin,829557,2288722.000000,406
175000,irmin,829557,2288722.000000,417
176000,irmin,829557,2550863.000000,420
177000,irmin,829557,2550863.000000,458
178000,irmin,829557,2550863.000000,477
179000,irmin,829557,2550863.000000,467
180000,irmin,829557,2550863.000000,516
181000,irmin,829557,2550863.000000,532
182000,irmin,829557,2550863.000000,557
183000,irmin,829557,2550863.000000,556
184000,irmin,829557,2550863.000000,611
185000,irmin,829557,2550863.000000,698
186000,irmin,829557,2550863.000000,764
187000,irmin,1244321,3169186.000000,14243
188000,irmin,1244321,3169186.000000,247
189000,irmin,1244321,3169186.000000,248
190000,irmin,1244321,3169186.000000,277
191000,irmin,1244321,3169186.000000,279
192000,irmin,1244321,3169186.000000,255
193000,irmin,1244321,3169186.000000,337
194000,irmin,1244321,3169186.000000,290
195000,irmin,1244321,3169186.000000,255
196000,irmin,1244321,3169186.000000,258
197000,irmin,1244321,3169186.000000,261
198000,irmin,1244321,3169186.000000,259
199000,irmin,1244321,3169186.000000,262
200000,irmin,1244321,3169186.000000,261
201000,irmin,1244321,3169186.000000,259
202000,irmin,1244321,3169186.000000,262
203000,irmin,1244321,3169186.000000,264
204000,irmin,1244321,3169186.000000,261
205000,irmin,1244321,3169186.000000,263
206000,irmin,1244321,3169186.000000,253
207000,irmin,1244321,3169186.000000,262
208000,irmin,1244321,3169186.000000,262
209000,irmin,1244321,3169186.000000,256
210000,irmin,1244321,3169186.000000,257
211000,irmin,1244321,3169186.000000,256
212000,irmin,1244321,3169186.000000,264
213000,irmin,1244321,3169186.000000,259
214000,irmin,1244321,3169186.000000,258
215000,irmin,1244321,3431320.000000,259
216000,irmin,1244321,3431320.000000,268
217000,irmin,1244321,3431320.000000,257
218000,irmin,1244321,3431320.000000,270
219000,irmin,1244321,3431320.000000,267
220000,irmin,1244321,3431320.000000,287
221000,irmin,1244321,3431320.000000,269
222000,irmin,1244321,3431320.000000,269
223000,irmin,1244321,3431320.000000,273
224000,irmin,1244321,3431320.000000,269
225000,irmin,1244321,3431320.000000,263
226000,irmin,1244321,3431320.000000,275
227000,irmin,1244321,3431320.000000,279
228000,irmin,1244321,3431320.000000,269
229000,irmin,1244321,3431320.000000,274
230000,irmin,1244321,3431320.000000,285
231000,irmin,1244321,3431329.000000,304
232000,irmin,1244321,3431329.000000,283
233000,irmin,1244321,3431329.000000,314
234000,irmin,1244321,3431329.000000,278
235000,irmin,1244321,3431329.000000,275
236000,irmin,1244321,3431329.000000,292
237000,irmin,1244321,3431329.000000,318
238000,irmin,1244321,3431329.000000,307
239000,irmin,1244321,3431329.000000,302
240000,irmin,1244321,3431329.000000,301
241000,irmin,1244321,3431329.000000,322
242000,irmin,1244321,3431329.000000,308
243000,irmin,1244321,3431329.000000,298
244000,irmin,1244321,3431329.000000,319
245000,irmin,1244321,3431329.000000,315
246000,irmin,1244321,3431329.000000,314
247000,irmin,1244321,3693464.000000,324
248000,irmin,1244321,3693464.000000,334
249000,irmin,1244321,3693464.000000,336
250000,irmin,1244321,3693464.000000,335
251000,irmin,1244321,3693464.000000,345
252000,irmin,1244321,3693464.000000,343
253000,irmin,1244321,3693464.000000,360
254000,irmin,1244321,3693464.000000,379
255000,irmin,1244321,3693464.000000,380
256000,irmin,1244321,3693464.000000,369
257000,irmin,1244321,3693464.000000,389
258000,irmin,1244321,3693464.000000,397
259000,irmin,1244321,3693464.000000,397
260000,irmin,1244321,3693464.000000,423
261000,irmin,1244321,3693464.000000,411
262000,irmin,1244321,3693464.000000,424
263000,irmin,1244321,3693473.000000,446
264000,irmin,1244321,3693473.000000,457
265000,irmin,1244321,3693473.000000,467
266000,irmin,1244321,3693473.000000,453
267000,irmin,1244321,3693473.000000,496
268000,irmin,1244321,3693473.000000,509
269000,irmin,1244321,3693473.000000,512
270000,irmin,1244321,3693473.000000,547
271000,irmin,1244321,3693473.000000,546
272000,irmin,1244321,3693473.000000,608
273000,irmin,1244321,3693473.000000,624
274000,irmin,1244321,3693473.000000,597
275000,irmin,1244321,3693473.000000,636
276000,irmin,1244321,3693473.000000,719
277000,irmin,1244321,3693473.000000,675
278000,irmin,1244321,3693473.000000,734
279000,irmin,1244321,3955608.000000,783
280000,irmin,1866465,4752010.000000,28343
281000,irmin,1866465,4752010.000000,249
282000,irmin,1866465,4752010.000000,252
283000,irmin,1866465,4752010.000000,250
284000,irmin,1866465,4752010.000000,251
285000,irmin,1866465,4752010.000000,249
286000,irmin,1866465,4752010.000000,250
287000,irmin,1866465,4752010.000000,253
288000,irmin,1866465,4752010.000000,257
289000,irmin,1866465,4752010.000000,248
290000,irmin,1866465,4752010.000000,251
291000,irmin,1866465,4752010.000000,248
292000,irmin,1866465,4752010.000000,256
293000,irmin,1866465,4752010.000000,256
294000,irmin,1866465,4752010.000000,255
295000,irmin,1866465,4752010.000000,262
296000,irmin,1866465,4752010.000000,259
297000,irmin,1866465,4752010.000000,256
298000,irmin,1866465,4752010.000000,262
299000,irmin,1866465,4752010.000000,261
300000,irmin,1866465,4752010.000000,259
1000,stdlib,10518,217027.000000,1706
2000,stdlib,21030,217027.000000,179
3000,stdlib,32054,217027.000000,202
4000,stdlib,42054,217027.000000,172
5000,stdlib,54102,217027.000000,248
6000,stdlib,64102,217027.000000,151
7000,stdlib,74102,217027.000000,152
8000,stdlib,84102,217027.000000,159
9000,stdlib,98198,217027.000000,351
10000,stdlib,108198,217027.000000,153
11000,stdlib,118198,217027.000000,162
12000,stdlib,128198,217027.000000,153
13000,stdlib,138198,248781.000000,154
14000,stdlib,148198,248781.000000,155
15000,stdlib,158198,248781.000000,151
16000,stdlib,168198,248781.000000,154
17000,stdlib,186390,252310.000000,1546
18000,stdlib,196390,252310.000000,165
19000,stdlib,206390,252310.000000,163
20000,stdlib,216390,252310.000000,163
21000,stdlib,226390,252310.000000,163
22000,stdlib,236390,252310.000000,163
23000,stdlib,246390,252310.000000,175
24000,stdlib,256390,252310.000000,165
25000,stdlib,266390,252310.000000,164
26000,stdlib,276390,252310.000000,165
27000,stdlib,286390,252310.000000,170
28000,stdlib,296390,252310.000000,173
29000,stdlib,306390,252310.000000,161
30000,stdlib,316390,448945.000000,170
31000,stdlib,326390,448945.000000,156
32000,stdlib,336390,448945.000000,155
33000,stdlib,362774,680760.000000,2540
34000,stdlib,372774,680760.000000,174
35000,stdlib,382774,680760.000000,173
36000,stdlib,392774,680760.000000,163
37000,stdlib,402774,680760.000000,164
38000,stdlib,412774,680760.000000,163
39000,stdlib,422774,680760.000000,164
40000,stdlib,432774,680760.000000,170
41000,stdlib,442774,680760.000000,169
42000,stdlib,452774,680760.000000,168
43000,stdlib,462774,680760.000000,178
44000,stdlib,472774,680760.000000,165
45000,stdlib,482774,680760.000000,179
46000,stdlib,492774,680760.000000,225
47000,stdlib,502774,680760.000000,173
48000,stdlib,512774,680760.000000,176
49000,stdlib,522774,680760.000000,168
50000,stdlib,532774,680760.000000,176
51000,stdlib,542774,680760.000000,176
52000,stdlib,552774,680760.000000,170
53000,stdlib,562774,680760.000000,168
54000,stdlib,572774,680760.000000,169
55000,stdlib,582774,680760.000000,170
56000,stdlib,592774,680760.000000,181
57000,stdlib,602774,680760.000000,172
58000,stdlib,612774,680760.000000,171
59000,stdlib,622774,684716.000000,1449
60000,stdlib,632774,684716.000000,176
61000,stdlib,642774,684716.000000,187
62000,stdlib,652774,684716.000000,174
63000,stdlib,662774,684716.000000,180
64000,stdlib,672774,684716.000000,182
65000,stdlib,682774,684716.000000,185
66000,stdlib,725542,1144542.000000,5631
67000,stdlib,735542,1144542.000000,201
68000,stdlib,745542,1144542.000000,196
69000,stdlib,755542,1144542.000000,194
70000,stdlib,765542,1144542.000000,204
71000,stdlib,775542,1144542.000000,194
72000,stdlib,785542,1144542.000000,221
73000,stdlib,795542,1144542.000000,200
74000,stdlib,805542,1144542.000000,214
75000,stdlib,815542,1144542.000000,204
76000,stdlib,825542,1144542.000000,212
77000,stdlib,835542,1144542.000000,229
78000,stdlib,845542,1144542.000000,222
79000,stdlib,855542,1144542.000000,201
80000,stdlib,865542,1144542.000000,197
81000,stdlib,875542,1144542.000000,199
82000,stdlib,885542,1144542.000000,195
83000,stdlib,895542,1144542.000000,201
84000,stdlib,905542,1144542.000000,247
85000,stdlib,915542,1144542.000000,206
86000,stdlib,925542,1144542.000000,202
87000,stdlib,935542,1144542.000000,235
88000,stdlib,945542,1144542.000000,206
89000,stdlib,955542,1144542.000000,214
90000,stdlib,965542,1144542.000000,206
91000,stdlib,975542,1144542.000000,201
92000,stdlib,985542,1148498.000000,1565
93000,stdlib,995542,1148498.000000,204
94000,stdlib,1005542,1148498.000000,206
95000,stdlib,1015542,1148498.000000,204
96000,stdlib,1025542,1148498.000000,208
97000,stdlib,1035542,1148498.000000,220
98000,stdlib,1045542,1148498.000000,213
99000,stdlib,1055542,1148498.000000,237
100000,stdlib,1065542,1148498.000000,237
101000,stdlib,1075542,1148498.000000,217
102000,stdlib,1085542,1148498.000000,256
103000,stdlib,1095542,1148498.000000,240
104000,stdlib,1105542,1148498.000000,224
105000,stdlib,1115542,1406681.000000,634
106000,stdlib,1125542,1406681.000000,224
107000,stdlib,1135542,1406681.000000,233
108000,stdlib,1145542,1406681.000000,235
109000,stdlib,1155542,1406681.000000,225
110000,stdlib,1165542,1406681.000000,231
111000,stdlib,1175542,1406681.000000,225
112000,stdlib,1185542,1406681.000000,264
113000,stdlib,1195542,1406681.000000,224
114000,stdlib,1205542,1406681.000000,239
115000,stdlib,1215542,1406681.000000,229
116000,stdlib,1225542,1406681.000000,225
117000,stdlib,1235542,1406681.000000,239
118000,stdlib,1245542,1410630.000000,1611
119000,stdlib,1255542,1410630.000000,218
120000,stdlib,1265542,1410630.000000,234
121000,stdlib,1275542,1410630.000000,233
122000,stdlib,1285542,1410630.000000,227
123000,stdlib,1295542,1410630.000000,234
124000,stdlib,1305542,1410630.000000,240
125000,stdlib,1315542,1410630.000000,242
126000,stdlib,1325542,1410630.000000,259
127000,stdlib,1335542,1410630.000000,264
128000,stdlib,1345542,1410630.000000,234
129000,stdlib,1355542,1410630.000000,236
130000,stdlib,1365542,1410630.000000,238
131000,stdlib,1375542,1670796.000000,2340
132000,stdlib,1451078,2062041.000000,7737
133000,stdlib,1461078,2062041.000000,247
134000,stdlib,1471078,2062041.000000,253
135000,stdlib,1481078,2062041.000000,239
136000,stdlib,1491078,2062041.000000,256
137000,stdlib,1501078,2062041.000000,257
138000,stdlib,1511078,2062041.000000,253
139000,stdlib,1521078,2062041.000000,245
140000,stdlib,1531078,2062041.000000,260
141000,stdlib,1541078,2062041.000000,270
142000,stdlib,1551078,2062041.000000,263
143000,stdlib,1561078,2062041.000000,253
144000,stdlib,1571078,2062041.000000,283
145000,stdlib,1581078,2062041.000000,255
146000,stdlib,1591078,2062041.000000,246
147000,stdlib,1601078,2062041.000000,264
148000,stdlib,1611078,2062041.000000,263
149000,stdlib,1621078,2062041.000000,247
150000,stdlib,1631078,2062041.000000,256
151000,stdlib,1641078,2062041.000000,264
152000,stdlib,1651078,2062041.000000,272
153000,stdlib,1661078,2062041.000000,266
154000,stdlib,1671078,2062041.000000,266
155000,stdlib,1681078,2062041.000000,255
156000,stdlib,1691078,2065850.000000,1978
157000,stdlib,1701078,2065850.000000,266
158000,stdlib,1711078,2065850.000000,268
159000,stdlib,1721078,2065850.000000,275
160000,stdlib,1731078,2065850.000000,259
161000,stdlib,1741078,2065850.000000,309
162000,stdlib,1751078,2065850.000000,265
163000,stdlib,1761078,2065850.000000,277
164000,stdlib,1771078,2065850.000000,282
165000,stdlib,1781078,2065850.000000,253
166000,stdlib,1791078,2065850.000000,256
167000,stdlib,1801078,2065850.000000,265
168000,stdlib,1811078,2065850.000000,281
169000,stdlib,1821078,2326156.000000,3380
170000,stdlib,1831078,2326156.000000,286
171000,stdlib,1841078,2326156.000000,259
172000,stdlib,1851078,2326156.000000,269
173000,stdlib,1861078,2326156.000000,284
174000,stdlib,1871078,2326156.000000,251
175000,stdlib,1881078,2326156.000000,306
176000,stdlib,1891078,2326156.000000,261
177000,stdlib,1901078,2326156.000000,258
178000,stdlib,1911078,2326156.000000,261
179000,stdlib,1921078,2326156.000000,262
180000,stdlib,1931078,2326156.000000,253
181000,stdlib,1941078,2326156.000000,261
182000,stdlib,1951078,2455253.000000,634
183000,stdlib,1961078,2455253.000000,275
184000,stdlib,1971078,2455253.000000,265
185000,stdlib,1981078,2455253.000000,273
186000,stdlib,1991078,2455253.000000,276
187000,stdlib,2001078,2455253.000000,267
188000,stdlib,2011078,2455253.000000,265
189000,stdlib,2021078,2455253.000000,254
190000,stdlib,2031078,2455253.000000,270
191000,stdlib,2041078,2455253.000000,263
192000,stdlib,2051078,2455253.000000,260
193000,stdlib,2061078,2455253.000000,268
194000,stdlib,2071078,2455253.000000,274
195000,stdlib,2081078,2459202.000000,1938
196000,stdlib,2091078,2459202.000000,277
197000,stdlib,2101078,2459202.000000,301
198000,stdlib,2111078,2459202.000000,254
199000,stdlib,2121078,2459202.000000,269
200000,stdlib,2131078,2459202.000000,284
201000,stdlib,2141078,2459202.000000,268
202000,stdlib,2151078,2459202.000000,292
203000,stdlib,2161078,2459202.000000,261
204000,stdlib,2171078,2459202.000000,288
205000,stdlib,2181078,2459202.000000,279
206000,stdlib,2191078,2459202.000000,270
207000,stdlib,2201078,2459202.000000,264
208000,stdlib,2211078,2717395.000000,553
209000,stdlib,2221078,2717395.000000,293
210000,stdlib,2231078,2717395.000000,277
211000,stdlib,2241078,2717395.000000,264
212000,stdlib,2251078,2717395.000000,280
213000,stdlib,2261078,2717395.000000,274
214000,stdlib,2271078,2717395.000000,269
215000,stdlib,2281078,2717395.000000,279
216000,stdlib,2291078,2717395.000000,261
217000,stdlib,2301078,2717395.000000,282
218000,stdlib,2311078,2717395.000000,267
219000,stdlib,2321078,2717395.000000,300
220000,stdlib,2331078,2717395.000000,266
221000,stdlib,2341078,2721344.000000,2115
222000,stdlib,2351078,2721344.000000,270
223000,stdlib,2361078,2721344.000000,280
224000,stdlib,2371078,2721344.000000,287
225000,stdlib,2381078,2721344.000000,284
226000,stdlib,2391078,2721344.000000,277
227000,stdlib,2401078,2721344.000000,296
228000,stdlib,2411078,2721344.000000,287
229000,stdlib,2421078,2721344.000000,289
230000,stdlib,2431078,2721344.000000,285
231000,stdlib,2441078,2721344.000000,283
232000,stdlib,2451078,2721344.000000,269
233000,stdlib,2461078,2721344.000000,278
234000,stdlib,2471078,2979537.000000,2004
235000,stdlib,2481078,2979537.000000,304
236000,stdlib,2491078,2979537.000000,272
237000,stdlib,2501078,2979537.000000,276
238000,stdlib,2511078,2979537.000000,290
239000,stdlib,2521078,2979537.000000,282
240000,stdlib,2531078,2979537.000000,275
241000,stdlib,2541078,2979537.000000,286
242000,stdlib,2551078,2979537.000000,335
243000,stdlib,2561078,2979537.000000,296
244000,stdlib,2571078,2979537.000000,279
245000,stdlib,2581078,2979537.000000,292
246000,stdlib,2591078,2979537.000000,272
247000,stdlib,2601078,2983486.000000,1807
248000,stdlib,2611078,2983486.000000,288
249000,stdlib,2621078,2983486.000000,276
250000,stdlib,2631078,2983486.000000,320
251000,stdlib,2641078,2983486.000000,302
252000,stdlib,2651078,2983486.000000,279
253000,stdlib,2661078,2983486.000000,283
254000,stdlib,2671078,2983486.000000,297
255000,stdlib,2681078,2983486.000000,286
256000,stdlib,2691078,2983486.000000,282
257000,stdlib,2701078,2983486.000000,280
258000,stdlib,2711078,2983486.000000,312
259000,stdlib,2721078,2983486.000000,275
260000,stdlib,2731078,3243652.000000,3087
261000,stdlib,2741078,3243652.000000,325
262000,stdlib,2751078,3243652.000000,274
263000,stdlib,2892150,3897041.000000,28736
264000,stdlib,2902150,3897041.000000,291
265000,stdlib,2912150,3897041.000000,281
266000,stdlib,2922150,3897041.000000,283
267000,stdlib,2932150,3897041.000000,302
268000,stdlib,2942150,3897041.000000,279
269000,stdlib,2952150,3897041.000000,311
270000,stdlib,2962150,3897041.000000,288
271000,stdlib,2972150,3897041.000000,296
272000,stdlib,2982150,3897041.000000,340
273000,stdlib,2992150,3897041.000000,314
274000,stdlib,3002150,3897041.000000,313
275000,stdlib,3012150,3897041.000000,291
276000,stdlib,3022150,3897041.000000,291
277000,stdlib,3032150,3897041.000000,318
278000,stdlib,3042150,3897041.000000,279
279000,stdlib,3052150,3897041.000000,296
280000,stdlib,3062150,3897041.000000,287
281000,stdlib,3072150,3897041.000000,307
282000,stdlib,3082150,3897041.000000,300
283000,stdlib,3092150,3897041.000000,288
284000,stdlib,3102150,3897041.000000,284
285000,stdlib,3112150,3897041.000000,294
286000,stdlib,3122150,3901002.000000,2355
287000,stdlib,3132150,3901002.000000,309
288000,stdlib,3142150,3901002.000000,330
289000,stdlib,3152150,3901002.000000,313
290000,stdlib,3162150,3901002.000000,296
291000,stdlib,3172150,3901002.000000,310
292000,stdlib,3182150,3901002.000000,302
293000,stdlib,3192150,3901002.000000,300
294000,stdlib,3202150,3901002.000000,285
295000,stdlib,3212150,3901002.000000,297
296000,stdlib,3222150,3901002.000000,289
297000,stdlib,3232150,3901002.000000,292
298000,stdlib,3242150,4159185.000000,1907
299000,stdlib,3252150,4159185.000000,299
300000,stdlib,3262150,4159185.000000,285
